{
  "script": "32_freeze_pipeline.py",
  "purpose": "artefato puro-numpy do transform de forma canônico (RobustScaler+PCA), servível sem sklearn; centróides/distâncias da partição HDBSCAN principal",
  "random_state": 42,
  "n_samples": 7695,
  "hdbscan": {
    "min_cluster_size": 10,
    "min_samples": 5,
    "n_clusters": 2
  },
  "parity_max_abs_diff": 1.0547118733938987e-13,
  "artifact": {
    "schema_version": "1.0.0",
    "created": "2026-06-15T18:44:51.689116Z",
    "sklearn_version": "1.7.2",
    "feature_cols": [
      "thr_R_500",
      "thr_R_1000",
      "thr_R_2000",
      "thr_R_3000",
      "thr_R_4000",
      "thr_R_6000",
      "thr_R_8000",
      "thr_L_500",
      "thr_L_1000",
      "thr_L_2000",
      "thr_L_3000",
      "thr_L_4000",
      "thr_L_6000",
      "thr_L_8000"
    ],
    "row_centering": true,
    "scaler_center": [
      -8.571428571428571,
      -8.571428571428573,
      -7.692307692307693,
      -2.8571428571428577,
      1.4285714285714306,
      8.928571428571429,
      11.785714285714292,
      -8.928571428571427,
      -8.928571428571427,
      -7.5,
      -1.7857142857142847,
      3.2142857142857153,
      11.071428571428571,
      12.857142857142854
    ],
    "scaler_scale": [
      13.928571428571427,
      12.142857142857142,
      11.07142857142857,
      11.785714285714285,
      14.285714285714286,
      15.714285714285717,
      20.71428571428571,
      13.57142857142857,
      12.14285714285714,
      11.071428571428571,
      12.142857142857142,
      15.714285714285715,
      16.07142857142857,
      21.07142857142857
    ],
    "pca_mean": [
      -0.08651644962336223,
      -0.10636576396122309,
      -0.033886797489891145,
      0.09187220744548413,
      0.11397181138116795,
      0.07662232130600015,
      0.07132924845165188,
      -0.08103171625178408,
      -0.09343837678203018,
      -0.0008696438162576641,
      0.12401130014477099,
      0.10554791910985419,
      0.05670790778782986,
      0.05679858325908495
    ],
    "pca_components": [
      [
        0.3754250577954391,
        0.3907416344432032,
        0.24120564969872285,
        -0.11175303094686762,
        -0.2297979220034539,
        -0.22291422109174303,
        -0.16875680007002983,
        0.3788277803419058,
        0.38455599500655613,
        0.21181829971717409,
        -0.15888942216873392,
        -0.2331241842451393,
        -0.23792271844505716,
        -0.17964035451127605
      ],
      [
        0.16792048198551984,
        0.21594248912383435,
        0.3264587245457733,
        0.37378255449895453,
        0.29863591221362407,
        0.27482372907772973,
        0.18718923830107714,
        -0.20238487239133632,
        -0.2450978065336537,
        -0.3013373279727301,
        -0.3315753791531827,
        -0.27080498637637684,
        -0.26705705758585413,
        -0.18082520259586077
      ],
      [
        -0.13407239223691741,
        -0.04003667735667614,
        0.258037780379956,
        0.4469504827962342,
        0.23052389882968619,
        -0.21839917181786214,
        -0.31820390235192175,
        -0.1118195101877824,
        -0.013206189937119275,
        0.3239654465598474,
        0.4592399929250331,
        0.2118490044064036,
        -0.212382377643234,
        -0.3057138781563129
      ],
      [
        -0.32228547208438224,
        -0.11013128432974748,
        0.4733299353539392,
        -0.06757834073003004,
        -0.3112329475750634,
        -0.012124551532329922,
        0.28148313257561985,
        -0.283043325559575,
        -0.059895544607257656,
        0.49116075497221134,
        -0.08790465222475953,
        -0.28624346207546614,
        -0.027251223827168727,
        0.25259521814605584
      ],
      [
        -0.23669231653142986,
        -0.3095244604503199,
        -0.2884352290825025,
        -0.016344478564979628,
        0.18277270996684614,
        0.4376601560154214,
        0.2423792798651641,
        0.25980987965372604,
        0.3277525553175954,
        0.26920697030472945,
        -0.04740405308781001,
        -0.13453296130908238,
        -0.3615646352154646,
        -0.28729564917116435
      ],
      [
        -0.039107798758154434,
        0.05455535891933349,
        0.25833916572591026,
        -0.3152614620039091,
        0.1219265952936543,
        0.4478577016216108,
        -0.39434312170893343,
        -0.10037905678814493,
        -0.016190915009538467,
        0.20716558987717323,
        -0.2432886195197951,
        0.16695544505185042,
        0.442022675533546,
        -0.3503042458064236
      ],
      [
        0.23124568532878445,
        0.2535423260658174,
        -0.03345461786763621,
        -0.35377934053279303,
        -0.3129570638622635,
        0.2530165652378841,
        0.2826020707324941,
        -0.24912292343280143,
        -0.22117891159857336,
        0.011361620683922874,
        0.4155430800625687,
        0.26379610439798384,
        -0.30691276052754973,
        -0.25800764558212014
      ],
      [
        -0.15180719895964634,
        0.18504511628109824,
        0.031233781970254313,
        -0.41913044080403755,
        0.5281087251266642,
        -0.3415916680194363,
        0.13347263912349175,
        -0.2023560092995808,
        0.12599301979385977,
        0.07077058350366418,
        -0.2759902397987315,
        0.3393751641479078,
        -0.2897281703728029,
        0.12469629862973991
      ],
      [
        -0.4271900416856967,
        0.4404682907421483,
        -0.08164679452679612,
        0.15180860347087388,
        -0.16518224120536557,
        0.12500679693466868,
        -0.039620919566960316,
        -0.3433080794204999,
        0.5776272352152498,
        -0.2802392138236335,
        0.10384449670858362,
        -0.03851821390443176,
        0.08237587904597943,
        -0.014206254405066884
      ],
      [
        -0.2238390475255904,
        -0.3119688313005265,
        0.5718037206352194,
        -0.15462253097507322,
        -0.11658392559255012,
        -0.019181948939108535,
        0.109549251516461,
        0.3377049044302204,
        0.1351195954149882,
        -0.5087998166363741,
        0.08954014813515818,
        0.24459409834961143,
        -0.07997204111777347,
        -0.10161058171422495
      ]
    ],
    "pca_explained_variance_ratio": [
      0.33487213642440333,
      0.2156201348503271,
      0.14408934355808714,
      0.07035980772625851,
      0.044762437177703146,
      0.03812398749874135,
      0.03295865667153345,
      0.030282151477279248,
      0.02364887522265408,
      0.02140803589578559
    ],
    "centroids_pca": {
      "0": [
        1.380488197631386,
        8.132983404353272,
        0.37554620100919184,
        -0.3835086491039986,
        -0.8052087091378654,
        -0.05007501747147355,
        0.5898708650376052,
        -0.07869249819636476,
        0.004238858267485734,
        -0.21362369629123104
      ],
      "1": [
        0.12160017154120144,
        -0.006853922657288147,
        -0.022985300644400738,
        -0.005581503785469595,
        -0.0007923513107582899,
        -0.013418615821107626,
        -0.004227356165529529,
        0.0002605496114622175,
        -7.905184191828991e-05,
        0.004174537790282764
      ]
    },
    "distance_distributions": {
      "0": {
        "mean": 1.666968,
        "std": 0.404515,
        "p10": 1.303923,
        "p25": 1.515374,
        "p50": 1.716969,
        "p75": 1.810347,
        "p90": 1.896877,
        "p95": 2.187839,
        "p99": 2.530286
      },
      "1": {
        "mean": 2.511167,
        "std": 1.037364,
        "p10": 1.425461,
        "p25": 1.775183,
        "p50": 2.277557,
        "p75": 3.011706,
        "p90": 3.932987,
        "p95": 4.557396,
        "p99": 5.753751
      }
    },
    "cluster_sizes": {
      "0": 13,
      "1": 7097
    },
    "noise_size": 585,
    "total_size": 7695,
    "scaler_type": "RobustScaler"
  },