{"scaler_center": [-8.571428298950195, -8.571428298950195, -7.692307472229004, -2.857142925262451, 1.4285714626312256, 8.928571701049805, 11.785714149475098, -8.928571701049805, -8.928571701049805, -7.5, -1.7857142686843872, 3.2142856121063232, 11.071428298950195, 12.857142448425293], "scaler_scale": [13.928571701049805, 12.142857313156128, 11.071428298950195, 11.785714387893677, 14.285714149475098, 15.714285135269165, 20.71428632736206, 13.571428775787354, 12.142857313156128, 11.071428179740906, 12.142857074737549, 15.714286088943481, 16.07142949104309, 21.071428775787354], "pca_components": [[0.3754250109195709, 0.3907417356967926, 0.24120567739009857, -0.11175302416086197, -0.22979794442653656, -0.22291426360607147, -0.16875681281089783, 0.378827840089798, 0.3845560550689697, 0.2118183672428131, -0.15888942778110504, -0.23312418162822723, -0.2379227876663208, -0.17964033782482147], [0.1679205596446991, 0.2159426063299179, 0.32645878195762634, 0.37378254532814026, 0.2986360192298889, 0.2748239040374756, 0.18718931078910828, -0.20238491892814636, -0.24509784579277039, -0.30133751034736633, -0.33157557249069214, -0.2708050608634949, -0.2670571208000183, -0.18082523345947266], [-0.13407264649868011, -0.040036652237176895, 0.2580379545688629, 0.4469504654407501, 0.2305237054824829, -0.21839909255504608, -0.31820371747016907, -0.11181970685720444, -0.013206190429627895, 0.32396575808525085, 0.45924001932144165, 0.21184884011745453, -0.21238243579864502, -0.30571383237838745], [-0.3222854733467102, -0.11013125628232956, 0.4733293950557709, -0.06757836788892746, -0.3112330138683319, -0.012124437838792801, 0.2814832329750061, -0.28304335474967957, -0.0598953552544117, 0.49116066098213196, -0.08790499716997147, -0.2862434685230255, -0.027251262217760086, 0.2525951862335205], [-0.23669219017028809, -0.30952465534210205, -0.28843507170677185, -0.016344549134373665, 0.18277308344841003, 0.43766021728515625, 0.2423788160085678, 0.2598100006580353, 0.32775259017944336, 0.26920682191848755, -0.04740447551012039, -0.1345328688621521, -0.36156415939331055, -0.2872958779335022], [-0.039107948541641235, 0.054555587470531464, 0.25833937525749207, -0.31526127457618713, 0.12192627787590027, 0.44785764813423157, -0.39434343576431274, -0.10037917643785477, -0.01619083620607853, 0.2071651667356491, -0.24328841269016266, 0.16695526242256165, 0.44202306866645813, -0.3503040671348572], [0.23124463856220245, 0.2535432279109955, -0.03345451131463051, -0.3537810146808624, -0.31295478343963623, 0.2530154585838318, 0.28260257840156555, -0.2491239309310913, -0.22117798030376434, 0.011362019926309586, 0.41554179787635803, 0.2637973725795746, -0.3069137632846832, -0.2580071985721588], [-0.15180769562721252, 0.1850443035364151, 0.031233539804816246, -0.419129341840744, 0.5281103849411011, -0.34159213304519653, 0.13347113132476807, -0.20235514640808105, 0.12599365413188934, 0.07077100872993469, -0.27599167823791504, 0.3393738567829132, -0.28972703218460083, 0.12469764053821564], [-0.42718976736068726, 0.44046881794929504, -0.08164826780557632, 0.1518092006444931, -0.16518160700798035, 0.12500643730163574, -0.039620984345674515, -0.34330829977989197, 0.5776268839836121, -0.2802380919456482, 0.10384419560432434, -0.038519106805324554, 0.08237618207931519, -0.014205913059413433], [-0.22384026646614075, -0.3119675815105438, 0.5718037486076355, -0.154622420668602, -0.11658396571874619, -0.01918230764567852, 0.1095496192574501, 0.3377040922641754, 0.1351207196712494, -0.508800208568573, 0.08954000473022461, 0.24459442496299744, -0.07997189462184906, -0.10161057114601135]], "pca_mean": [-0.08651646226644516, -0.10636578500270844, -0.03388682007789612, 0.0918722078204155, 0.11397180706262589, 0.07662231475114822, 0.0713292583823204, -0.08103170245885849, -0.09343834966421127, -0.00086964265210554, 0.12401130050420761, 0.10554792732000351, 0.056707918643951416, 0.056798599660396576], "pca_n_components": 10, "pca_explained_variance_ratio": [0.33487215638160706, 0.21562030911445618, 0.14408938586711884, 0.07035975903272629, 0.044762395322322845, 0.03812394663691521, 0.032958634197711945, 0.030282123014330864, 0.02364886924624443, 0.02140803076326847], "freq_cols": ["thr_R_500", "thr_R_1000", "thr_R_2000", "thr_R_3000", "thr_R_4000", "thr_R_6000", "thr_R_8000", "thr_L_500", "thr_L_1000", "thr_L_2000", "thr_L_3000", "thr_L_4000", "thr_L_6000", "thr_L_8000"], "row_centering": true, "imputation_value": 0.0}